District,State,Area_km2,Population
Bankura,West Bengal,"6,882","35,96,674"
Barddhaman,West Bengal,"7,024","77,17,563"
Birbhum,West Bengal,"4,545","35,02,404"
Dakshin Dinajpur,West Bengal,"2,219","16,76,276"
Darjiling,West Bengal,"3,149","18,46,823"
Haora,West Bengal,"1,467","48,50,029"
Hugli,West Bengal,"3,149","55,19,145"
Jalpaiguri,West Bengal,"6,227","38,72,846"
Koch Bihar,West Bengal,"3,387","28,19,086"
Kolkata,West Bengal,185,"44,96,694"
Maldah,West Bengal,"3,733","39,88,845"
Murshidabad,West Bengal,"5,324","71,03,807"
Nadia,West Bengal,"3,927","51,67,600"
North Twenty Four Parganas,West Bengal,"4,094","1,00,09,781"
Paschim Medinipur,West Bengal,"9,368","59,13,457"
Purba Medinipur,West Bengal,"4,713","50,95,875"
Puruliya,West Bengal,"6,259","29,30,115"
South Twenty Four Parganas,West Bengal,"9,960","81,61,961"
Uttar Dinajpur,West Bengal,"3,140","30,07,134"
Almora,Uttarakhand,"3,144","6,22,506"
Bageshwar,Uttarakhand,"2,241","2,59,898"
Chamoli,Uttarakhand,"8,030","3,91,605"
Champawat,Uttarakhand,"1,766","2,59,648"
Dehradun,Uttarakhand,"3,088","16,96,694"
Haridwar,Uttarakhand,"2,360","18,90,422"
Nainital,Uttarakhand,"4,251","9,54,605"
Pauri Garhwal,Uttarakhand,"5,329","6,87,271"
Pithoragarh,Uttarakhand,"7,090","4,83,439"
Rudraprayag,Uttarakhand,"1,984","2,42,285"
Tehri Garhwal,Uttarakhand,"3,642","6,18,931"
Udham Singh Nagar,Uttarakhand,"2,542","16,48,902"
Uttarkashi,Uttarakhand,"8,016","3,30,086"
Agra,Uttar Pradesh,"4,041","44,18,797"
Aligarh,Uttar Pradesh,"3,650","36,73,889"
Allahabad,Uttar Pradesh,"5,482","59,54,391"
Ambedkar Nagar,Uttar Pradesh,"2,350","23,97,888"
Auraiya,Uttar Pradesh,"2,016","13,79,545"
Azamgarh,Uttar Pradesh,"4,054","46,13,913"
Baghpat,Uttar Pradesh,"1,321","13,03,048"
Bahraich,Uttar Pradesh,"5,237","34,87,731"
Ballia,Uttar Pradesh,"2,981","32,39,774"
Balrampur,Uttar Pradesh,"3,349","21,48,665"
Banda,Uttar Pradesh,"4,408","17,99,410"
Barabanki,Uttar Pradesh,"4,402","32,60,699"
Bareilly,Uttar Pradesh,"4,120","44,48,359"
Basti,Uttar Pradesh,"2,688","24,64,464"
Bijnor,Uttar Pradesh,"4,561","36,82,713"
Budaun,Uttar Pradesh,"5,168","36,81,896"
Bulandshahar,Uttar Pradesh,"4,512","34,99,171"
Chandauli,Uttar Pradesh,"2,541","19,52,756"
Chitrakoot,Uttar Pradesh,"3,216","9,91,730"
Deoria,Uttar Pradesh,"2,540","31,00,946"
Etah,Uttar Pradesh,"2,431","17,74,480"
Etawah,Uttar Pradesh,"2,311","15,81,810"
Faizabad,Uttar Pradesh,"2,341","24,70,996"
Farrukhabad,Uttar Pradesh,"2,181","18,85,204"
Fatehpur,Uttar Pradesh,"4,152","26,32,733"
Firozabad,Uttar Pradesh,"2,407","24,98,156"
Gautam Buddha Nagar,Uttar Pradesh,"1,282","16,48,115"
Ghaziabad,Uttar Pradesh,"1,179","46,81,645"
Ghazipur,Uttar Pradesh,"3,377","36,20,268"
Gonda,Uttar Pradesh,"4,003","34,33,919"
Gorakhpur,Uttar Pradesh,"3,321","44,40,895"
Hamirpur,Uttar Pradesh,"4,021","11,04,285"
Hardoi,Uttar Pradesh,"5,986","40,92,845"
Jalaun,Uttar Pradesh,"4,565","16,89,974"
Jaunpur,Uttar Pradesh,"4,038","44,94,204"
Jhansi,Uttar Pradesh,"5,024","19,98,603"
Jyotiba Phule Nagar,Uttar Pradesh,"2,249","18,40,221"
Kannauj,Uttar Pradesh,"2,093","16,56,616"
Kanpur Nagar,Uttar Pradesh,"3,155","45,81,268"
Kanshiram Nagar,Uttar Pradesh,"1,955","14,36,719"
Kaushambi,Uttar Pradesh,"1,779","15,99,596"
Kheri,Uttar Pradesh,"7,680","40,21,243"
Kushinagar,Uttar Pradesh,"2,905","35,64,544"
Lalitpur,Uttar Pradesh,"5,039","12,21,592"
Lucknow,Uttar Pradesh,"2,528","45,89,838"
Mahamaya Nagar,Uttar Pradesh,"1,840","15,64,708"
Maharajganj,Uttar Pradesh,"2,952","26,84,703"
Mahoba,Uttar Pradesh,"3,144","8,75,958"
Mainpuri,Uttar Pradesh,"2,760","18,68,529"
Mathura,Uttar Pradesh,"3,340","25,47,184"
Mau,Uttar Pradesh,"1,713","22,05,968"
Meerut,Uttar Pradesh,"2,559","34,43,689"
Mirzapur,Uttar Pradesh,"4,405","24,96,970"
Moradabad,Uttar Pradesh,"3,718","47,72,006"
Muzaffarnagar,Uttar Pradesh,"4,008","41,43,512"
Pilibhit,Uttar Pradesh,"3,686","20,31,007"
Pratapgarh,Uttar Pradesh,"3,717","32,09,141"
Rae Bareli,Uttar Pradesh,"4,609","34,05,559"
Rampur,Uttar Pradesh,"2,367","23,35,819"
Saharanpur,Uttar Pradesh,"3,689","34,66,382"
Sant Kabir Nagar,Uttar Pradesh,"1,646","17,15,183"
Sant Ravidas Nagar,Uttar Pradesh,"1,015","15,78,213"
Shahjahanpur,Uttar Pradesh,"4,388","30,06,538"
Shrawasti,Uttar Pradesh,"1,640","11,17,361"
Siddharth Nagar,Uttar Pradesh,"2,895","25,59,297"
Sitapur,Uttar Pradesh,"5,743","44,83,992"
Sonbhadra,Uttar Pradesh,"6,905","18,62,559"
Sultanpur,Uttar Pradesh,"4,436","37,97,117"
Unnao,Uttar Pradesh,"4,558","31,08,367"
Varanasi,Uttar Pradesh,"1,535","36,76,841"
Dhalai,Tripura,"2,400","3,78,230"
North Tripura,Tripura,"2,036","6,93,947"
South Tripura,Tripura,"3,057","8,76,001"
West Sikkim,Tripura,130,"25,43,243"
West Tripura,Tripura,"2,993","17,25,739"
Ariyalur,Tamil Nadu,"1,940","7,54,894"
Chennai,Tamil Nadu,175,"46,46,732"
Coimbatore,Tamil Nadu,"4,732","34,58,045"
Cuddalore,Tamil Nadu,"3,703","26,05,914"
Dharmapuri,Tamil Nadu,"4,497","15,06,843"
Dindigul,Tamil Nadu,"6,036","21,59,775"
Erode,Tamil Nadu,"5,760","22,51,744"
Kancheepuram,Tamil Nadu,"4,483","39,98,252"
Kanniyakumari,Tamil Nadu,"1,684","18,70,374"
Karur,Tamil Nadu,"2,904","10,64,493"
Krishnagiri,Tamil Nadu,"5,129","18,79,809"
Madurai,Tamil Nadu,"3,710","30,38,252"
Nagapattinam,Tamil Nadu,"2,569","16,16,450"
Namakkal,Tamil Nadu,"3,420","17,26,601"
Perambalur,Tamil Nadu,"1,756","5,65,223"
Pudukkottai,Tamil Nadu,"4,644","16,18,345"
Ramanathapuram,Tamil Nadu,"4,104","13,53,445"
Salem,Tamil Nadu,"5,237","34,82,056"
Sivaganga,Tamil Nadu,"4,233","13,39,101"
Thanjavur,Tamil Nadu,"3,411","24,05,890"
The Nilgiris,Tamil Nadu,"2,565","7,35,394"
Theni,Tamil Nadu,"2,868","12,45,899"
Thiruvallur,Tamil Nadu,"3,394","37,28,104"
Thiruvarur,Tamil Nadu,"2,274","12,64,277"
Thoothukkudi,Tamil Nadu,"4,745","17,50,176"
Tiruchirappalli,Tamil Nadu,"4,509","27,22,290"
Tirunelveli,Tamil Nadu,"6,693","30,77,233"
Tiruppur,Tamil Nadu,"5,187","24,79,052"
Tiruvannamalai,Tamil Nadu,"6,188","24,64,875"
Vellore,Tamil Nadu,"6,075","39,36,331"
Viluppuram,Tamil Nadu,"7,194","34,58,873"
Virudhunagar,Tamil Nadu,"4,241","19,42,288"
East Sikkim,Sikkim,63,"17,09,346"
North Sikkim,Sikkim,62,"22,41,624"
South Sikkim,Sikkim,247,"27,31,929"
Ajmer,Rajasthan,"8,481","25,83,052"
Alwar,Rajasthan,"8,380","36,74,179"
Banswara,Rajasthan,"4,522","17,97,485"
Baran,Rajasthan,"6,992","12,22,755"
Barmer,Rajasthan,"28,387","26,03,751"
Bharatpur,Rajasthan,"5,066","25,48,462"
Bhilwara,Rajasthan,"10,455","24,08,523"
Bikaner,Rajasthan,"30,239","23,63,937"
Bundi,Rajasthan,"5,776","11,10,906"
Chittaurgarh,Rajasthan,"7,822","15,44,338"
Churu,Rajasthan,"13,835","20,39,547"
Dausa,Rajasthan,"3,432","16,34,409"
Dhaulpur,Rajasthan,"3,033","12,06,516"
Dungarpur,Rajasthan,"3,770","13,88,552"
Ganganagar,Rajasthan,"10,978","19,69,168"
Hanumangarh,Rajasthan,"9,656","17,74,692"
Jaipur,Rajasthan,"11,143","66,26,178"
Jaisalmer,Rajasthan,"38,401","6,69,919"
Jalor,Rajasthan,"10,640","18,28,730"
Jhalawar,Rajasthan,"6,219","14,11,129"
Jhunjhunun,Rajasthan,"5,928","21,37,045"
Jodhpur,Rajasthan,"22,850","36,87,165"
Karauli,Rajasthan,"5,524","14,58,248"
Kota,Rajasthan,"5,217","19,51,014"
Nagaur,Rajasthan,"17,718","33,07,743"
Pali,Rajasthan,"12,387","20,37,573"
Pratapgarh,Rajasthan,"4,449","8,67,848"
Rajsamand,Rajasthan,"4,655","11,56,597"
Sawai Madhopur,Rajasthan,"4,498","13,35,551"
Sikar,Rajasthan,"7,732","26,77,333"
Sirohi,Rajasthan,"5,136","10,36,346"
Tonk,Rajasthan,"7,194","14,21,326"
Udaipur,Rajasthan,"11,724","30,68,420"
Amritsar,Punjab,"2,683","24,90,656"
Barnala,Punjab,"1,482","5,95,527"
Bathinda,Punjab,"3,353","13,88,525"
Faridkot,Punjab,"1,458","6,17,508"
Fatehgarh Sahib,Punjab,"1,180","6,00,163"
Firozpur,Punjab,"5,305","20,29,074"
Gurdaspur,Punjab,"3,551","22,98,323"
Hoshiarpur,Punjab,"3,386","15,86,625"
Jalandhar,Punjab,"2,624","21,93,590"
Kapurthala,Punjab,"1,633","8,15,168"
Ludhiana,Punjab,"3,578","34,98,739"
Mansa,Punjab,"2,198","7,69,751"
Moga,Punjab,"2,242","9,95,746"
Muktsar,Punjab,"2,593","9,01,896"
Patiala,Punjab,"3,325","18,95,686"
Rupnagar,Punjab,"1,356","6,84,627"
Sangrur,Punjab,"3,625","16,55,169"
Shahid Bhagat Singh Nagar,Punjab,"1,282","6,12,310"
Tarn Taran,Punjab,"2,414","11,19,627"
Karaikal,Puducherry,157,"2,00,222"
Mahe,Puducherry,9,"41,816"
Puducherry,Puducherry,294,"9,50,289"
Yanam,Puducherry,30,"55,626"
Anugul,Orissa,"6,375","12,73,821"
Balangir,Orissa,"6,575","16,48,997"
Baleshwar,Orissa,"3,806","23,20,529"
Bargarh,Orissa,"5,837","14,81,255"
Baudh,Orissa,"3,098","4,41,162"
Bhadrak,Orissa,"2,505","15,06,337"
Cuttack,Orissa,"3,932","26,24,470"
Debagarh,Orissa,"2,940","3,12,520"
Dhenkanal,Orissa,"4,452","11,92,811"
Gajapati,Orissa,"4,325","5,77,817"
Ganjam,Orissa,"8,206","35,29,031"
Jagatsinghapur,Orissa,"1,668","11,36,971"
Jajapur,Orissa,"2,899","18,27,192"
Jharsuguda,Orissa,"2,114","5,79,505"
Kalahandi,Orissa,"7,920","15,76,869"
Kandhamal,Orissa,"8,021","7,33,110"
Kendrapara,Orissa,"2,644","14,40,361"
Kendujhar,Orissa,"8,303","18,01,733"
Khordha,Orissa,"2,813","22,51,673"
Koraput,Orissa,"8,807","13,79,647"
Malkangiri,Orissa,"5,791","6,13,192"
Mayurbhanj,Orissa,"10,418","25,19,738"
Nabarangapur,Orissa,"5,291","12,20,946"
Nayagarh,Orissa,"3,890","9,62,789"
Nuapada,Orissa,"3,852","6,10,382"
Puri,Orissa,"3,479","16,98,730"
Rayagada,Orissa,"7,073","9,67,911"
Sambalpur,Orissa,"6,624","10,41,099"
Subarnapur,Orissa,"2,337","6,10,183"
Sundargarh,Orissa,"9,712","20,93,437"
Dimapur,Nagaland,927,"3,78,811"
Kiphire,Nagaland,"1,130","74,004"
Kohima,Nagaland,"1,463","2,67,988"
Longleng,Nagaland,562,"50,484"
Mokokchung,Nagaland,"1,615","1,94,622"
Mon,Nagaland,"1,786","2,50,260"
Peren,Nagaland,"1,651","95,219"
Phek,Nagaland,"2,026","1,63,418"
Tuensang,Nagaland,"2,536","1,96,596"
Wokha,Nagaland,"1,628","1,66,343"
Zunheboto,Nagaland,"1,255","1,40,757"
Aizawl,Mizoram,"3,576","4,00,309"
Champhai,Mizoram,"3,185","1,25,745"
Kolasib,Mizoram,"1,382","83,955"
Lawngtlai,Mizoram,"2,557","1,17,894"
Lunglei,Mizoram,"4,536","1,61,428"
Mamit,Mizoram,"3,025","86,364"
Saiha,Mizoram,"1,399","56,574"
Serchhip,Mizoram,"1,421","64,937"
East Garo Hills,Meghalaya,"2,603","3,17,917"
East Khasi Hills,Meghalaya,"2,748","8,25,922"
Jaintia Hills,Meghalaya,"3,819","3,95,124"
Ri Bhoi,Meghalaya,"2,448","2,58,840"
South Garo Hills,Meghalaya,"1,887","1,42,334"
West Garo Hills,Meghalaya,"3,677","6,43,291"
West Khasi Hills,Meghalaya,"5,247","3,83,461"
Bishnupur,Manipur,496,"2,37,399"
Chandel,Manipur,"3,313","1,44,182"
Churachandpur,Manipur,"4,570","2,74,143"
Imphal East,Manipur,709,"4,56,113"
Imphal West,Manipur,519,"5,17,992"
Senapati,Manipur,"3,271","4,79,148"
Tamenglong,Manipur,"4,391","1,40,651"
Thoubal,Manipur,514,"4,22,168"
Ukhrul,Manipur,"4,544","1,83,998"
Ahmadnagar,Maharashtra,"17,048","45,43,159"
Akola,Maharashtra,"5,676","18,13,906"
Amravati,Maharashtra,"12,210","28,88,445"
Aurangabad,Maharashtra,"10,107","37,01,282"
Bhandara,Maharashtra,"4,087","12,00,334"
Bid,Maharashtra,"10,693","25,85,049"
Buldana,Maharashtra,"9,661","25,86,258"
Chandrapur,Maharashtra,"11,443","22,04,307"
Dhule,Maharashtra,"7,195","20,50,862"
Gadchiroli,Maharashtra,"14,412","10,72,942"
Gondiya,Maharashtra,"5,234","13,22,507"
Hingoli,Maharashtra,"4,827","11,77,345"
Jalgaon,Maharashtra,"11,765","42,29,917"
Jalna,Maharashtra,"7,718","19,59,046"
Kolhapur,Maharashtra,"7,685","38,76,001"
Latur,Maharashtra,"7,157","24,54,196"
Mumbai City,Maharashtra,157,"30,85,411"
Mumbai Suburban,Maharashtra,446,"93,56,962"
Nagpur,Maharashtra,"9,892","46,53,570"
Nanded,Maharashtra,"10,528","33,61,292"
Nandurbar,Maharashtra,"5,955","16,48,295"
Nashik,Maharashtra,"15,530","61,07,187"
Osmanabad,Maharashtra,"7,569","16,57,576"
Parbhani,Maharashtra,"6,214","18,36,086"
Pune,Maharashtra,"15,643","94,29,408"
Raigarh,Maharashtra,"7,086","14,93,984"
Ratnagiri,Maharashtra,"8,208","16,15,069"
Sangli,Maharashtra,"8,572","28,22,143"
Satara,Maharashtra,"10,480","30,03,741"
Sindhudurg,Maharashtra,"5,207","8,49,651"
Solapur,Maharashtra,"14,895","43,17,756"
Thane,Maharashtra,"9,558","1,10,60,148"
Wardha,Maharashtra,"6,309","13,00,774"
Washim,Maharashtra,"4,898","11,97,160"
Yavatmal,Maharashtra,"13,582","27,72,348"
Alirajpur,Madhya Pradesh,"3,182","7,28,999"
Anuppur,Madhya Pradesh,"3,747","7,49,237"
Ashoknagar,Madhya Pradesh,"4,674","8,45,071"
Balaghat,Madhya Pradesh,"9,229","17,01,698"
Barwani,Madhya Pradesh,"5,427","13,85,881"
Betul,Madhya Pradesh,"10,043","15,75,362"
Bhind,Madhya Pradesh,"4,459","17,03,005"
Bhopal,Madhya Pradesh,"2,772","23,71,061"
Burhanpur,Madhya Pradesh,"3,427","7,57,847"
Chhattarpur,Madhya Pradesh,"8,687","17,62,375"
Chhindwara,Madhya Pradesh,"11,815","20,90,922"
Damoh,Madhya Pradesh,"7,306","12,64,219"
Datia,Madhya Pradesh,"2,902","7,86,754"
Dewas,Madhya Pradesh,"7,020","15,63,715"
Dhar,Madhya Pradesh,"8,153","21,85,793"
Dindori,Madhya Pradesh,"7,470","7,04,524"
Guna,Madhya Pradesh,"6,390","12,41,519"
Gwalior,Madhya Pradesh,"4,560","20,32,036"
Harda,Madhya Pradesh,"3,334","5,70,465"
Hoshangabad,Madhya Pradesh,"6,703","12,41,350"
Indore,Madhya Pradesh,"3,898","32,76,697"
Jabalpur,Madhya Pradesh,"5,211","24,63,289"
Jhabua,Madhya Pradesh,"3,600","10,25,048"
Katni,Madhya Pradesh,"4,950","12,92,042"
Mandla,Madhya Pradesh,"5,800","10,54,905"
Mandsaur,Madhya Pradesh,"5,535","13,40,411"
Morena,Madhya Pradesh,"4,989","19,65,970"
Narsimhapur,Madhya Pradesh,"5,133","10,91,854"
Neemuch,Madhya Pradesh,"4,256","8,26,067"
Panna,Madhya Pradesh,"7,135","10,16,520"
Raisen,Madhya Pradesh,"8,466","13,31,597"
Rajgarh,Madhya Pradesh,"6,153","15,45,814"
Ratlam,Madhya Pradesh,"4,861","14,55,069"
Rewa,Madhya Pradesh,"6,314","23,65,106"
Sagar,Madhya Pradesh,"10,252","23,78,458"
Satna,Madhya Pradesh,"7,502","22,28,935"
Sehore,Madhya Pradesh,"6,578","13,11,332"
Seoni,Madhya Pradesh,"8,758","13,79,131"
Shahdol,Madhya Pradesh,"6,205","10,66,063"
Shajapur,Madhya Pradesh,"6,195","15,12,681"
Sheopur,Madhya Pradesh,"6,606","6,87,861"
Shivpuri,Madhya Pradesh,"10,066","17,26,050"
Sidhi,Madhya Pradesh,"4,851","11,27,033"
Singrauli,Madhya Pradesh,"5,675","11,78,273"
Tikamgarh,Madhya Pradesh,"5,048","14,45,166"
Ujjain,Madhya Pradesh,"6,091","19,86,864"
Umaria,Madhya Pradesh,"4,076","6,44,758"
Vidisha,Madhya Pradesh,"7,371","14,58,875"
Lakshadweep,Lakshadweep,30,"64,473"
Alappuzha,Kerala,"1,415","21,27,789"
Ernakulam,Kerala,"3,063","32,82,388"
Idukki,Kerala,"4,356","11,08,974"
Kannur,Kerala,"2,961","25,23,003"
Kasaragod,Kerala,"1,989","13,07,375"
Kollam,Kerala,"2,483","26,35,375"
Kottayam,Kerala,"2,206","19,74,551"
Kozhikode,Kerala,"2,345","30,86,293"
Malappuram,Kerala,"3,554","41,12,920"
Palakkad,Kerala,"4,482","28,09,934"
Pathanamthitta,Kerala,"2,652","11,97,412"
Thiruvananthapuram,Kerala,"2,189","33,01,427"
Thrissur,Kerala,"3,027","31,21,200"
Wayanad,Kerala,"2,130","8,17,420"
Bagalkot,Karnataka,"6,552","18,89,752"
Bangalore,Karnataka,"2,196","96,21,551"
Bangalore Rural,Karnataka,"2,298","9,90,923"
Belgaum,Karnataka,"13,433","47,79,661"
Bellary,Karnataka,"8,461","24,52,595"
Bidar,Karnataka,"5,448","17,03,300"
Bijapur,Karnataka,"10,498","21,77,331"
Chamarajanagar,Karnataka,"5,648","10,20,791"
Chikkaballapura,Karnataka,"4,244","12,55,104"
Chikmagalur,Karnataka,"7,202","11,37,961"
Chitradurga,Karnataka,"8,436","16,59,456"
Dakshina Kannada,Karnataka,"4,861","20,89,649"
Davanagere,Karnataka,"5,924","19,45,497"
Dharwad,Karnataka,"4,260","18,47,023"
Gadag,Karnataka,"4,657","10,64,570"
Gulbarga,Karnataka,"10,954","25,66,326"
Hassan,Karnataka,"6,814","17,76,421"
Haveri,Karnataka,"4,823","15,97,668"
Kodagu,Karnataka,"4,102","5,54,519"
Kolar,Karnataka,"3,979","15,36,401"
Koppal,Karnataka,"5,570","13,89,920"
Mandya,Karnataka,"4,962","18,05,769"
Mysore,Karnataka,"6,307","30,01,127"
Raichur,Karnataka,"8,442","19,28,812"
Ramanagara,Karnataka,"3,516","10,82,636"
Shimoga,Karnataka,"8,478","17,52,753"
Tumkur,Karnataka,"10,597","26,78,980"
Udupi,Karnataka,"3,582","11,77,361"
Uttara Kannada,Karnataka,"10,277","14,37,169"
Yadgir,Karnataka,"5,270","11,74,271"
Bokaro,Jharkhand,"2,883","20,62,330"
Chatra,Jharkhand,"3,718","10,42,886"
Deoghar,Jharkhand,"2,477","14,92,073"
Dhanbad,Jharkhand,"2,040","26,84,487"
Dumka,Jharkhand,"3,761","13,21,442"
Garhwa,Jharkhand,"4,093","13,22,784"
Giridih,Jharkhand,"4,962","24,45,474"
Godda,Jharkhand,"2,266","13,13,551"
Gumla,Jharkhand,"5,360","10,25,213"
Hazaribagh,Jharkhand,"3,555","17,34,495"
Jamtara,Jharkhand,"1,811","7,91,042"
Khunti,Jharkhand,"2,535","5,31,885"
Kodarma,Jharkhand,"2,540","7,16,259"
Latehar,Jharkhand,"4,291","7,26,978"
Lohardaga,Jharkhand,"1,502","4,61,790"
Pakur,Jharkhand,"1,811","9,00,422"
Palamu,Jharkhand,"4,393","19,39,869"
Pashchimi Singhbhum,Jharkhand,"7,224","15,02,338"
Purbi Singhbhum,Jharkhand,"3,562","22,93,919"
Ramgarh,Jharkhand,"1,341","9,49,443"
Ranchi,Jharkhand,"5,097","29,14,253"
Sahibganj,Jharkhand,"2,063","11,50,567"
Saraikela Kharsawan,Jharkhand,"2,657","10,65,056"
Simdega,Jharkhand,"3,774","5,99,578"
Anantnag,Jammu and Kashmir,"3,574","10,78,692"
Badgam,Jammu and Kashmir,"1,361","7,53,745"
Bandipora,Jammu and Kashmir,345,"3,92,232"
Baramula,Jammu and Kashmir,"4,243","10,08,039"
Doda,Jammu and Kashmir,"8,912","4,09,936"
Ganderbal,Jammu and Kashmir,259,"2,97,446"
Jammu,Jammu and Kashmir,"2,342","15,29,958"
Kargil,Jammu and Kashmir,"14,036","1,40,802"
Kathua,Jammu and Kashmir,"2,502","6,16,435"
Kishtwar,Jammu and Kashmir,"1,644","2,30,696"
Kulgam,Jammu and Kashmir,410,"4,24,483"
Kupwara,Jammu and Kashmir,"2,379","8,70,354"
Leh,Jammu and Kashmir,"45,110","1,33,487"
Pulwama,Jammu and Kashmir,"1,086","5,60,440"
Punch,Jammu and Kashmir,"1,674","4,76,835"
Rajouri,Jammu and Kashmir,"2,630","6,42,415"
Ramban,Jammu and Kashmir,"1,329","2,83,713"
Reasi,Jammu and Kashmir,"1,719","3,14,667"
Samba,Jammu and Kashmir,904,"3,18,898"
Shupiyan,Jammu and Kashmir,312,"2,66,215"
Srinagar,Jammu and Kashmir,"1,979","12,36,829"
Udhampur,Jammu and Kashmir,"2,637","5,54,985"
Bilaspur,Himachal Pradesh,"1,167","3,81,956"
Chamba,Himachal Pradesh,"6,522","5,19,080"
Hamirpur,Himachal Pradesh,"1,118","4,54,768"
Kangra,Himachal Pradesh,"5,739","15,10,075"
Kinnaur,Himachal Pradesh,"6,401","84,121"
Kullu,Himachal Pradesh,"5,503","4,37,903"
Lahul and Spiti,Himachal Pradesh,"13,841","31,564"
Mandi,Himachal Pradesh,"3,950","9,99,777"
Shimla,Himachal Pradesh,"5,131","8,14,010"
Sirmaur,Himachal Pradesh,"2,825","5,29,855"
Solan,Himachal Pradesh,"1,936","5,80,320"
Una,Himachal Pradesh,"1,540","5,21,173"
Ambala,Haryana,"1,574","11,28,350"
Bhiwani,Haryana,"4,778","16,34,445"
Faridabad,Haryana,741,"18,09,733"
Fatehabad,Haryana,"2,538","9,42,011"
Gurgaon,Haryana,"1,258","15,14,432"
Hisar,Haryana,"3,983","17,43,931"
Jhajjar,Haryana,"1,834","9,58,405"
Jind,Haryana,"2,702","13,34,152"
Kaithal,Haryana,"2,317","10,74,304"
Karnal,Haryana,"2,520","15,05,324"
Kurukshetra,Haryana,"1,530","9,64,655"
Mahendragarh,Haryana,"1,899","9,22,088"
Mewat,Haryana,"1,507","10,89,263"
Palwal,Haryana,"1,359","10,42,708"
Panchkula,Haryana,898,"5,61,293"
Panipat,Haryana,"1,268","12,05,437"
Rewari,Haryana,"1,594","9,00,332"
Rohtak,Haryana,"1,745","10,61,204"
Sirsa,Haryana,"4,277","12,95,189"
Sonipat,Haryana,"2,122","14,50,001"
Yamunanagar,Haryana,"1,768","12,14,205"
Ahmadabad,Gujarat,"8,107","72,14,225"
Amreli,Gujarat,"7,397","15,14,190"
Anand,Gujarat,"3,204","20,92,745"
Banaskantha,Gujarat,"10,743","31,20,506"
Bharuch,Gujarat,"6,509","15,51,019"
Bhavnagar,Gujarat,"10,034","28,80,365"
Dohad,Gujarat,"3,642","21,27,086"
Gandhinagar,Gujarat,"2,140","13,91,753"
Jamnagar,Gujarat,"14,184","21,60,119"
Junagadh,Gujarat,"8,831","27,43,082"
Kachchh,Gujarat,"45,674","20,92,371"
Kheda,Gujarat,"3,953","22,99,885"
Mahesana,Gujarat,"4,401","20,35,064"
Narmada,Gujarat,"2,817","5,90,297"
Navsari,Gujarat,"2,246","13,29,672"
Panchmahal,Gujarat,"5,231","23,90,776"
Patan,Gujarat,"5,792","13,43,734"
Porbandar,Gujarat,"2,316","5,85,449"
Rajkot,Gujarat,"11,198","38,04,558"
Sabarkantha,Gujarat,"7,394","24,28,589"
Surat,Gujarat,"4,549","60,81,322"
Surendranagar,Gujarat,"10,423","17,56,268"
Tapi,Gujarat,"3,139","8,07,022"
The Dangs,Gujarat,"1,766","2,28,291"
Vadodara,Gujarat,"7,546","41,65,626"
Valsad,Gujarat,"3,008","17,05,678"
North Goa,Goa,"1,736","8,18,008"
South Goa,Goa,"1,966","6,40,537"
East Delhi,Delhi,954,"2,83,583"
New Delhi,Delhi,35,"1,42,004"
North Delhi,Delhi,"4,226","43,709"
North East Delhi,Delhi,61,"8,87,978"
North West Delhi,Delhi,443,"36,56,539"
South Delhi,Delhi,750,"1,46,850"
South West Delhi,Delhi,421,"22,92,958"
West Delhi,Delhi,"1,166","1,36,435"
Daman,Daman and Diu,72,"1,91,173"
Diu,Daman and Diu,39,"52,074"
Dadra and Nagar Haveli,Dadra and Nagar Haveli,491,"3,43,709"
Bastar,Chhattisgarh,"10,470","14,13,199"
Bijapur,Chhattisgarh,"8,530","2,55,230"
Bilaspur,Chhattisgarh,"8,272","26,63,629"
Dantewada,Chhattisgarh,"8,298","5,33,638"
Dhamtari,Chhattisgarh,"4,084","7,99,781"
Durg,Chhattisgarh,"8,535","33,43,872"
Janjgir Champa,Chhattisgarh,"3,853","16,19,707"
Jashpur,Chhattisgarh,"5,838","8,51,669"
Kabirdham,Chhattisgarh,"4,235","8,22,526"
Kanker,Chhattisgarh,"7,161","7,48,941"
Korba,Chhattisgarh,"6,598","12,06,640"
Korea,Chhattisgarh,"6,604","6,58,917"
Mahasamund,Chhattisgarh,"4,790","10,32,754"
Narayanpur,Chhattisgarh,"4,653","1,39,820"
Raigarh,Chhattisgarh,"7,152","26,34,200"
Raipur,Chhattisgarh,"12,383","40,63,872"
Rajnandgaon,Chhattisgarh,"8,070","15,37,133"
Surguja,Chhattisgarh,"15,732","23,59,886"
Chandigarh,Chandigarh,114,"10,55,450"
Araria,Bihar,"2,830","28,11,569"
Arwal,Bihar,638,"7,00,843"
Aurangabad,Bihar,"3,305","25,40,073"
Banka,Bihar,"3,020","20,34,763"
Begusarai,Bihar,"1,918","29,70,541"
Bhagalpur,Bihar,"2,569","30,37,766"
Bhojpur,Bihar,"2,395","27,28,407"
Buxar,Bihar,"1,703","17,06,352"
Darbhanga,Bihar,"2,279","39,37,385"
Gaya,Bihar,"4,976","43,91,418"
Gopalganj,Bihar,"2,033","25,62,012"
Jamui,Bihar,"3,098","17,60,405"
Jehanabad,Bihar,931,"11,25,313"
Kaimur,Bihar,"3,332","16,26,384"
Katihar,Bihar,"3,057","30,71,029"
Khagaria,Bihar,"1,486","16,66,886"
Kishanganj,Bihar,"1,884","16,90,400"
Lakhisarai,Bihar,"1,228","10,00,912"
Madhepura,Bihar,"1,788","20,01,762"
Madhubani,Bihar,"3,501","44,87,379"
Munger,Bihar,"1,419","13,67,765"
Muzaffarpur,Bihar,"3,172","48,01,062"
Nalanda,Bihar,"2,355","28,77,653"
Nawada,Bihar,"2,494","22,19,146"
Pashchim Champaran,Bihar,"5,228","39,35,042"
Patna,Bihar,"3,202","58,38,465"
Purbi Champaran,Bihar,"3,968","50,99,371"
Purnia,Bihar,"3,229","32,64,619"
Rohtas,Bihar,"3,881","29,59,918"
Saharsa,Bihar,"1,687","19,00,661"
Samastipur,Bihar,"2,904","42,61,566"
Saran,Bihar,"2,641","39,51,862"
Sheikhpura,Bihar,689,"6,36,342"
Sheohar,Bihar,349,"6,56,246"
Sitamarhi,Bihar,"2,294","34,23,574"
Siwan,Bihar,"2,219","33,30,464"
Supaul,Bihar,"2,425","22,29,076"
Vaishali,Bihar,"2,036","34,95,021"
Baksa,Assam,"2,457","9,50,075"
Barpeta,Assam,"2,282","16,93,622"
Bongaigaon,Assam,"1,093","7,38,804"
Cachar,Assam,"3,786","17,36,617"
Chirang,Assam,"1,923","4,82,162"
Darrang,Assam,"1,585","9,28,500"
Dhemaji,Assam,"3,237","6,86,133"
Dhubri,Assam,"2,176","19,49,258"
Dibrugarh,Assam,"3,381","13,26,335"
Dima Hasao,Assam,"4,888","2,14,102"
Goalpara,Assam,"1,824","10,08,183"
Golaghat,Assam,"3,502","10,66,888"
Hailakandi,Assam,"1,327","6,59,296"
Jorhat,Assam,"2,851","10,92,256"
Kamrup,Assam,"3,105","15,17,542"
Kamrup Metropolitan,Assam,955,"12,53,938"
Karbi Anglong,Assam,"10,434","9,56,313"
Karimganj,Assam,"1,809","12,28,686"
Kokrajhar,Assam,"3,296","8,87,142"
Lakhimpur,Assam,"2,277","10,42,137"
Morigaon,Assam,"1,551","9,57,423"
Nagaon,Assam,"3,973","28,23,768"
Nalbari,Assam,"1,052","7,71,639"
Sivasagar,Assam,"2,668","11,51,050"
Sonitpur,Assam,"5,204","19,24,110"
Tinsukia,Assam,"3,790","13,27,929"
Udalguri,Assam,"2,012","8,31,668"
Anjaw,Arunachal Pradesh,"6,190","21,167"
Changlang,Arunachal Pradesh,"4,662","1,48,226"
Dibang Valley,Arunachal Pradesh,"9,129","8,004"
East Kameng,Arunachal Pradesh,"4,134","78,690"
East Siang,Arunachal Pradesh,"3,603","99,214"
Kurung Kumey,Arunachal Pradesh,"6,040","92,076"
Lohit,Arunachal Pradesh,"5,212","1,45,726"
Lower Dibang Valley,Arunachal Pradesh,"3,900","54,080"
Lower Subansiri,Arunachal Pradesh,"3,508","83,030"
Papumpare,Arunachal Pradesh,"3,462","1,76,573"
Tawang,Arunachal Pradesh,"2,172","49,977"
Tirap,Arunachal Pradesh,"2,362","1,11,975"
Upper Siang,Arunachal Pradesh,"6,590","35,320"
Upper Subansiri,Arunachal Pradesh,"7,032","83,448"
West Kameng,Arunachal Pradesh,"7,422","83,947"
West Siang,Arunachal Pradesh,"8,325","1,12,274"
Adilabad,Andhra Pradesh,"16,105","27,41,239"
Anantapur,Andhra Pradesh,"19,130","40,81,148"
Chittoor,Andhra Pradesh,"15,152","41,74,064"
East Godavari,Andhra Pradesh,"10,807","51,54,296"
Guntur,Andhra Pradesh,"11,391","48,87,813"
Hyderabad,Andhra Pradesh,217,"39,43,323"
Karimnagar,Andhra Pradesh,"11,823","37,76,269"
Khammam,Andhra Pradesh,"16,029","27,97,370"
Krishna,Andhra Pradesh,"8,727","45,17,398"
Kurnool,Andhra Pradesh,"17,658","40,53,463"
Mahbubnagar,Andhra Pradesh,"18,432","40,53,028"
Medak,Andhra Pradesh,"9,699","30,33,288"
Nalgonda,Andhra Pradesh,"14,240","34,88,809"
Nizamabad,Andhra Pradesh,"7,956","25,51,335"
Prakasam,Andhra Pradesh,"17,626","33,97,448"
Rangareddy,Andhra Pradesh,"7,493","52,96,741"
Sri Potti Sriramulu Nellore,Andhra Pradesh,"13,076","29,63,557"
Srikakulam,Andhra Pradesh,"5,837","27,03,114"
Visakhapatnam,Andhra Pradesh,"11,161","42,90,589"
Vizianagaram,Andhra Pradesh,"6,539","23,44,474"
Warangal,Andhra Pradesh,"12,846","35,12,576"
West Godavari,Andhra Pradesh,"7,742","39,36,966"
YSR,Andhra Pradesh,"15,359","28,82,469"
Nicobars,Andaman And Nicobar Islands,"1,841","36,842"
North And Middle Andaman,Andaman And Nicobar Islands,"3,736","1,05,597"
South Andaman,Andaman And Nicobar Islands,"2,672","2,38,142"
Central Delhi,Delhi,21,"5,82,320"
